-- phpMyAdmin SQL Dump
-- version 5.2.2
-- https://www.phpmyadmin.net/
--
-- Servidor: localhost:3306
-- Tiempo de generación: 11-02-2026 a las 17:06:49
-- Versión del servidor: 11.4.10-MariaDB
-- Versión de PHP: 8.3.30

SET SQL_MODE = "NO_AUTO_VALUE_ON_ZERO";
START TRANSACTION;
SET time_zone = "+00:00";


/*!40101 SET @OLD_CHARACTER_SET_CLIENT=@@CHARACTER_SET_CLIENT */;
/*!40101 SET @OLD_CHARACTER_SET_RESULTS=@@CHARACTER_SET_RESULTS */;
/*!40101 SET @OLD_COLLATION_CONNECTION=@@COLLATION_CONNECTION */;
/*!40101 SET NAMES utf8mb4 */;

--
-- Base de datos: `grupofamia_app`
--

-- --------------------------------------------------------

--
-- Estructura de tabla para la tabla `cliente`
--

CREATE TABLE `cliente` (
  `id_cliente` int(11) NOT NULL,
  `nombre` varchar(100) DEFAULT NULL,
  `documento` varchar(20) DEFAULT NULL,
  `telefono` varchar(20) DEFAULT NULL,
  `email` varchar(100) DEFAULT NULL,
  `id_usuario` int(11) DEFAULT NULL,
  `apellidos` varchar(100) DEFAULT NULL,
  `comentarios` text DEFAULT NULL,
  `fecha_registro` datetime DEFAULT NULL,
  `estado_contacto` varchar(20) DEFAULT 'PENDIENTE',
  `fecha_reagendado` datetime DEFAULT NULL
) ENGINE=InnoDB DEFAULT CHARSET=utf8mb4 COLLATE=utf8mb4_unicode_ci;

--
-- Volcado de datos para la tabla `cliente`
--

INSERT INTO `cliente` (`id_cliente`, `nombre`, `documento`, `telefono`, `email`, `id_usuario`, `apellidos`, `comentarios`, `fecha_registro`, `estado_contacto`, `fecha_reagendado`) VALUES
(79, 'Frank', '00000000', '000000000', 'cliente@nuevo.com', 8, NULL, NULL, '2026-01-21 21:45:35', 'PENDIENTE', NULL),
(80, 'Frida Chalco', '00000000', '000000000', 'cliente@nuevo.com', 8, NULL, NULL, '2026-01-21 22:23:46', 'PENDIENTE', NULL),
(81, 'Johan', '00000000', '000000000', 'cliente@nuevo.com', 6, NULL, NULL, '2026-01-21 22:28:23', 'PENDIENTE', NULL),
(82, 'Jimmy', '00000000', '000000000', 'cliente@nuevo.com', 7, NULL, NULL, '2026-01-22 21:47:42', 'CONTACTADO', NULL),
(83, 'Eduardo', '00000000', '000000000', 'cliente@nuevo.com', 6, NULL, NULL, '2026-01-23 16:18:16', 'PENDIENTE', NULL),
(85, 'Javier Paredes', '00000000', '000000000', 'cliente@nuevo.com', 7, NULL, NULL, '2026-01-31 18:11:08', 'PENDIENTE', NULL),
(86, 'Johana', '00000000', '000000000', 'cliente@nuevo.com', 7, NULL, NULL, '2026-02-02 15:38:14', 'PENDIENTE', NULL),
(87, 'Frank', '00000000', '000000000', 'cliente@nuevo.com', 7, NULL, NULL, '2026-02-02 16:31:41', 'PENDIENTE', NULL),
(88, 'Keidy Aures', '00000000', '000000000', 'cliente@nuevo.com', 8, NULL, NULL, '2026-02-04 20:30:51', 'PENDIENTE', NULL),
(89, 'Jose Fernandez', '00000000', '000000000', 'cliente@nuevo.com', 8, NULL, NULL, '2026-02-06 15:38:44', 'PENDIENTE', NULL),
(90, 'Cliente 1', '00000000', '000000000', 'cliente@nuevo.com', 8, NULL, NULL, '2026-02-06 20:22:18', 'PENDIENTE', NULL),
(91, 'Keidy', '00000000', '000000000', 'cliente@nuevo.com', 8, NULL, NULL, '2026-02-07 19:59:23', 'PENDIENTE', NULL);

-- --------------------------------------------------------

--
-- Estructura de tabla para la tabla `cotizacion`
--

CREATE TABLE `cotizacion` (
  `id_cotizaciones` int(11) NOT NULL,
  `precio_base` decimal(15,2) DEFAULT NULL,
  `descuento` decimal(15,2) DEFAULT NULL,
  `precio_final` decimal(15,2) DEFAULT NULL,
  `inicial` decimal(15,2) DEFAULT NULL,
  `mensualidad` decimal(15,2) DEFAULT NULL,
  `plazo_meses` int(11) DEFAULT NULL,
  `id_cliente` int(11) NOT NULL,
  `id_usuario` int(11) NOT NULL,
  `id_lote` int(11) NOT NULL,
  `fecha_creacion` datetime DEFAULT NULL
) ENGINE=InnoDB DEFAULT CHARSET=utf8mb4 COLLATE=utf8mb4_unicode_ci;

--
-- Volcado de datos para la tabla `cotizacion`
--

INSERT INTO `cotizacion` (`id_cotizaciones`, `precio_base`, `descuento`, `precio_final`, `inicial`, `mensualidad`, `plazo_meses`, `id_cliente`, `id_usuario`, `id_lote`, `fecha_creacion`) VALUES
(79, 42102.50, 0.00, 42102.50, 3000.00, 814.64, 48, 79, 8, 177, '2026-01-21 21:45:35'),
(80, 35665.00, 0.00, 35665.00, 3000.00, 680.52, 48, 80, 8, 183, '2026-01-21 22:23:46'),
(81, 42867.50, 0.00, 42867.50, 3000.00, 830.57, 48, 80, 8, 188, '2026-01-21 22:26:38'),
(82, 50346.00, 0.00, 50346.00, 3000.00, 986.38, 48, 81, 6, 209, '2026-01-21 22:28:23'),
(83, 65000.00, 3000.00, 62000.00, 3000.00, 1229.17, 48, 81, 6, 219, '2026-01-22 00:04:39'),
(84, 35665.00, 3000.00, 32665.00, 0.00, 32665.00, 1, 80, 8, 183, '2026-01-22 14:14:16'),
(85, 42867.50, 3000.00, 39867.50, 0.00, 39867.50, 1, 80, 8, 188, '2026-01-22 14:14:54'),
(86, 75000.00, 0.00, 75000.00, 3000.00, 1500.00, 48, 82, 7, 216, '2026-01-22 21:47:42'),
(87, 75000.00, 0.00, 75000.00, 3000.00, 1500.00, 48, 82, 7, 216, '2026-01-22 21:48:23'),
(88, 50454.00, 0.00, 50454.00, 3000.00, 988.63, 48, 83, 6, 206, '2026-01-23 16:18:16'),
(89, 35665.00, 3000.00, 32665.00, 3000.00, 824.03, 36, 85, 7, 183, '2026-01-31 18:11:08'),
(90, 35665.00, 3000.00, 32665.00, 3000.00, 618.02, 48, 85, 7, 183, '2026-01-31 18:11:41'),
(91, 42785.00, 3000.00, 39785.00, 3000.00, 1021.81, 36, 85, 7, 198, '2026-01-31 18:12:06'),
(92, 42755.00, 3000.00, 39755.00, 3000.00, 765.73, 48, 85, 7, 199, '2026-01-31 18:12:41'),
(93, 42812.50, 3000.00, 39812.50, 3000.00, 766.93, 48, 85, 7, 197, '2026-01-31 18:13:10'),
(94, 42842.50, 3000.00, 39842.50, 3000.00, 767.55, 48, 85, 7, 196, '2026-01-31 18:13:55'),
(95, 42785.00, 3000.00, 39785.00, 3000.00, 766.35, 48, 85, 7, 198, '2026-01-31 18:17:58'),
(96, 65000.00, 0.00, 65000.00, 10000.00, 1145.83, 48, 86, 7, 215, '2026-02-02 15:38:14'),
(97, 42695.00, 0.00, 42695.00, 10000.00, 681.15, 48, 86, 7, 201, '2026-02-02 15:39:22'),
(98, 65000.00, 0.00, 65000.00, 10000.00, 1145.83, 48, 87, 7, 221, '2026-02-02 16:31:41'),
(99, 75000.00, 3000.00, 72000.00, 5000.00, 1395.83, 48, 86, 7, 219, '2026-02-02 21:22:36'),
(100, 50454.00, 0.00, 50454.00, 4999.97, 946.96, 48, 86, 7, 206, '2026-02-02 21:25:37'),
(101, 50454.00, 3000.00, 47454.00, 5000.00, 884.46, 48, 86, 7, 206, '2026-02-02 21:27:43'),
(102, 42635.00, 0.00, 42635.00, 5000.00, 784.06, 48, 86, 7, 203, '2026-02-02 22:14:51'),
(103, 35665.00, 0.00, 35665.00, 10000.00, 534.69, 48, 88, 8, 183, '2026-02-04 20:30:51'),
(104, 35665.00, 0.00, 35665.00, 3000.00, 680.52, 48, 89, 8, 183, '2026-02-06 15:38:44'),
(105, 46730.40, 0.00, 46730.40, 10000.00, 765.22, 48, 90, 8, 182, '2026-02-06 20:22:18'),
(106, 35665.00, 0.00, 35665.00, 10000.00, 534.69, 48, 90, 8, 183, '2026-02-06 20:25:09'),
(107, 42867.50, 0.00, 42867.50, 10000.00, 684.74, 48, 90, 8, 188, '2026-02-06 20:25:34'),
(108, 36485.00, 0.00, 36485.00, 10000.00, 551.77, 48, 90, 8, 184, '2026-02-06 20:25:57'),
(109, 36485.00, 0.00, 36485.00, 10000.00, 551.77, 48, 90, 8, 184, '2026-02-06 20:25:57'),
(110, 42867.50, 0.00, 42867.50, 13000.00, 622.24, 48, 91, 8, 192, '2026-02-07 19:59:23'),
(111, 35665.00, 0.00, 35665.00, 13000.00, 472.19, 48, 88, 8, 183, '2026-02-07 23:40:42');

-- --------------------------------------------------------

--
-- Estructura de tabla para la tabla `estado_lote`
--

CREATE TABLE `estado_lote` (
  `id_estado_lote` int(11) NOT NULL,
  `nombre_estado` varchar(50) DEFAULT NULL
) ENGINE=InnoDB DEFAULT CHARSET=utf8mb4 COLLATE=utf8mb4_unicode_ci;

--
-- Volcado de datos para la tabla `estado_lote`
--

INSERT INTO `estado_lote` (`id_estado_lote`, `nombre_estado`) VALUES
(1, 'DISPONIBLE'),
(2, 'RESERVADO'),
(3, 'VENDIDO'),
(4, 'ESPACIO PUBLICO');

-- --------------------------------------------------------

--
-- Estructura de tabla para la tabla `lote`
--

CREATE TABLE `lote` (
  `id_lote` int(11) NOT NULL,
  `manzana` varchar(50) DEFAULT NULL,
  `numero` int(11) DEFAULT NULL,
  `area` decimal(10,2) DEFAULT NULL,
  `coordenada_x` decimal(5,2) DEFAULT NULL,
  `coordenada_y` decimal(5,2) DEFAULT NULL,
  `id_proyecto` int(11) NOT NULL,
  `id_estado_lote` int(11) NOT NULL,
  `geojson` text DEFAULT NULL,
  `updatedAt` datetime NOT NULL,
  `createdAt` datetime NOT NULL,
  `precio_contado` decimal(15,2) DEFAULT NULL,
  `precio_financiado` decimal(15,2) DEFAULT NULL,
  `precio_oferta` decimal(15,2) DEFAULT NULL,
  `ubicacion` varchar(20) DEFAULT 'calle'
) ENGINE=InnoDB DEFAULT CHARSET=utf8mb4 COLLATE=utf8mb4_unicode_ci;

--
-- Volcado de datos para la tabla `lote`
--

INSERT INTO `lote` (`id_lote`, `manzana`, `numero`, `area`, `coordenada_x`, `coordenada_y`, `id_proyecto`, `id_estado_lote`, `geojson`, `updatedAt`, `createdAt`, `precio_contado`, `precio_financiado`, `precio_oferta`, `ubicacion`) VALUES
(161, 'A', 1, 157.30, 84.11, 24.75, 1, 3, '{\"type\":\"Polygon\",\"coordinates\":[[[-75.67277129035087,-14.190628219139281],[-75.6727733585217,-14.190786310116787],[-75.67285707807652,-14.190785213986254],[-75.67285451354469,-14.190627205735577],[-75.67277129035087,-14.190628219139281]]]}', '2026-01-20 22:18:36', '2026-01-06 16:42:36', 50190.00, 50190.00, 0.00, 'calle'),
(162, 'A', 2, 157.08, 80.51, 24.84, 1, 3, '{\"type\":\"Polygon\",\"coordinates\":[[[-75.6728546893392,-14.19062729880326],[-75.6728573055753,-14.19078471762526],[-75.67294036331543,-14.190783755925828],[-75.67293792287387,-14.190625675289178],[-75.6728546893392,-14.19062729880326]]]}', '2026-01-20 22:18:36', '2026-01-06 16:42:36', 50124.00, 50124.00, 0.00, 'calle'),
(163, 'A', 3, 157.04, 76.89, 24.84, 1, 3, '{\"type\":\"Polygon\",\"coordinates\":[[[-75.67293800560071,-14.190625758016003],[-75.6729405494508,-14.190783724903268],[-75.67302368991778,-14.1907827373517],[-75.6730210788521,-14.190624770464439],[-75.67293800560071,-14.190625758016003]]]}', '2026-01-20 22:18:36', '2026-01-06 16:42:36', 50112.00, 50112.00, 0.00, 'calle'),
(164, 'A', 4, 156.99, 73.55, 24.99, 1, 1, '{\"type\":\"Polygon\",\"coordinates\":[[[-75.67302125464661,-14.190624791146144],[-75.67302380883764,-14.190782820078528],[-75.67310683297002,-14.190781201734863],[-75.67310491732678,-14.190623656237408],[-75.67302125464661,-14.190624791146144]]]}', '2026-01-20 22:18:36', '2026-01-06 16:42:36', 50097.00, 50097.00, 0.00, 'calle'),
(165, 'A', 5, 156.95, 70.16, 24.72, 1, 1, '{\"type\":\"Polygon\",\"coordinates\":[[[-75.6731050724396,-14.190623733793814],[-75.67310698808284,-14.19078131289904],[-75.67319067920033,-14.190780250376282],[-75.67318818188407,-14.190622640248492],[-75.6731050724396,-14.190623733793814]]]}', '2026-01-20 22:18:36', '2026-01-06 16:42:36', 50085.00, 50085.00, 0.00, 'calle'),
(166, 'A', 6, 156.90, 66.71, 24.72, 1, 1, '{\"type\":\"Polygon\",\"coordinates\":[[[-75.67318829046306,-14.190622764338734],[-75.67327156277594,-14.190621310156121],[-75.67327395926887,-14.190779187853519],[-75.67319076839021,-14.190780211598078],[-75.67318829046306,-14.190622764338734]]]}', '2026-01-20 22:18:37', '2026-01-06 16:42:36', 50070.00, 50070.00, 0.00, 'calle'),
(167, 'A', 7, 156.86, 63.08, 24.84, 1, 1, '{\"type\":\"Polygon\",\"coordinates\":[[[-75.67327160930981,-14.190621158921134],[-75.67327407560353,-14.190779280921214],[-75.67335725484858,-14.190777786021492],[-75.673354733296,-14.190620158443746],[-75.67327160930981,-14.190621158921134]]]}', '2026-01-20 22:18:37', '2026-01-06 16:42:36', 50058.00, 50058.00, 0.00, 'calle'),
(168, 'A', 8, 156.81, 59.63, 24.60, 1, 1, '{\"type\":\"Polygon\",\"coordinates\":[[[-75.67335488743937,-14.190620239877967],[-75.67335737118327,-14.190777820921873],[-75.67344050389445,-14.19077668084272],[-75.67343850293916,-14.190619210316695],[-75.67335488743937,-14.190620239877967]]]}', '2026-01-20 22:18:37', '2026-01-06 16:42:36', 42202.50, 42202.50, 0.00, 'calle'),
(169, 'A', 9, 156.77, 56.35, 24.72, 1, 1, '{\"type\":\"Polygon\",\"coordinates\":[[[-75.6734385727399,-14.19061926848401],[-75.67344069002979,-14.190776739010033],[-75.67352379947408,-14.190775715265476],[-75.67352165891735,-14.190618151671762],[-75.6734385727399,-14.19061926848401]]]}', '2026-01-20 22:18:36', '2026-01-06 16:42:36', 42192.50, 42192.50, 0.00, 'calle'),
(170, 'A', 10, 156.72, 52.99, 24.60, 1, 1, '{\"type\":\"Polygon\",\"coordinates\":[[[-75.67352189158657,-14.190618244739449],[-75.67352393907566,-14.190775761799317],[-75.67360758365916,-14.19077427271633],[-75.67360509409856,-14.190616662588779],[-75.67352189158657,-14.190618244739449]]]}', '2026-01-20 22:18:36', '2026-01-06 16:42:36', 42180.00, 42180.00, 0.00, 'calle'),
(171, 'A', 11, 156.68, 49.53, 24.48, 1, 1, '{\"type\":\"Polygon\",\"coordinates\":[[[-75.67360517553278,-14.190616685855701],[-75.67360770581051,-14.190774290166523],[-75.67369087148325,-14.19077326060524],[-75.67368833926659,-14.190615724156029],[-75.67360517553278,-14.190616685855701]]]}', '2026-01-20 22:18:37', '2026-01-06 16:42:36', 42170.00, 42170.00, 0.00, 'calle'),
(172, 'A', 12, 156.63, 45.82, 24.60, 1, 1, '{\"type\":\"Polygon\",\"coordinates\":[[[-75.67368846335684,-14.190615786201153],[-75.67369103822953,-14.190773256727416],[-75.67377419420782,-14.190772217471581],[-75.6737720846736,-14.190614746945315],[-75.67368846335684,-14.190615786201153]]]}', '2026-01-20 22:18:36', '2026-01-06 16:42:36', 42157.50, 42157.50, 0.00, 'calle'),
(173, 'A', 13, 156.59, 42.37, 24.72, 1, 1, '{\"type\":\"Polygon\",\"coordinates\":[[[-75.67377228632026,-14.190614731434033],[-75.67377427564203,-14.190772318294904],[-75.67385739671988,-14.190770771044617],[-75.67385551985488,-14.190613696056023],[-75.67377228632026,-14.190614731434033]]]}', '2026-01-20 22:18:37', '2026-01-06 16:42:36', 42147.50, 42147.50, 0.00, 'calle'),
(174, 'A', 14, 156.54, 39.09, 24.60, 1, 1, '{\"type\":\"Polygon\",\"coordinates\":[[[-75.67385558965564,-14.19061381239063],[-75.67385763714475,-14.190770677976941],[-75.6739411653938,-14.190769793833919],[-75.6739387456339,-14.190612170616788],[-75.67385558965564,-14.19061381239063]]]}', '2026-01-20 22:18:37', '2026-01-06 16:42:36', 42135.00, 42135.00, 0.00, 'calle'),
(175, 'A', 15, 156.50, 35.38, 24.72, 1, 1, '{\"type\":\"Polygon\",\"coordinates\":[[[-75.67393886342269,-14.190612242598826],[-75.67394133698735,-14.190769830915581],[-75.67402458748838,-14.190768810079382],[-75.67402195687204,-14.19061116941206],[-75.67393886342269,-14.190612242598826]]]}', '2026-01-20 22:18:37', '2026-01-06 16:42:36', 42125.00, 42125.00, 0.00, 'calle'),
(176, 'A', 16, 156.45, 31.93, 24.84, 1, 1, '{\"type\":\"Polygon\",\"coordinates\":[[[-75.67402212701141,-14.190611300288497],[-75.67402467910193,-14.190768600677092],[-75.67410777909508,-14.190767318088028],[-75.67410516811015,-14.190610285996131],[-75.67402212701141,-14.190611300288497]]]}', '2026-01-20 22:18:37', '2026-01-06 16:42:36', 42112.50, 42112.50, 0.00, 'calle'),
(177, 'A', 17, 156.41, 28.65, 24.60, 1, 1, '{\"type\":\"Polygon\",\"coordinates\":[[[-75.67410540368773,-14.190610272908488],[-75.67410790342768,-14.190767324631862],[-75.67419100996464,-14.190766303795664],[-75.67418904027431,-14.190609212809372],[-75.67410540368773,-14.190610272908488]]]}', '2026-01-20 22:18:38', '2026-01-06 16:42:36', 42102.50, 42102.50, 0.00, 'calle'),
(178, 'A', 18, 156.36, 25.20, 24.60, 1, 1, '{\"type\":\"Polygon\",\"coordinates\":[[[-75.67418919078222,-14.190609252072303],[-75.67419112775349,-14.190766356146247],[-75.67427475779618,-14.190765021206602],[-75.67427232349446,-14.190607642292143],[-75.67418919078222,-14.190609252072303]]]}', '2026-01-20 22:18:38', '2026-01-06 16:42:36', 42090.00, 42090.00, 0.00, 'calle'),
(179, 'A', 19, 156.32, 21.66, 24.36, 1, 1, '{\"type\":\"Polygon\",\"coordinates\":[[[-75.67427244128326,-14.19060766846743],[-75.67427499337377,-14.190765191345967],[-75.67435807373548,-14.190763764792814],[-75.67435562634614,-14.19060675233238],[-75.67427244128326,-14.19060766846743]]]}', '2026-01-20 22:18:38', '2026-01-06 16:42:36', 42080.00, 42080.00, 0.00, 'calle'),
(180, 'A', 20, 156.27, 18.12, 24.48, 1, 1, '{\"type\":\"Polygon\",\"coordinates\":[[[-75.6743557637664,-14.190606739244737],[-75.67435821115576,-14.190763810599565],[-75.67444137004333,-14.190762776675726],[-75.6744388572158,-14.190605718408543],[-75.6743557637664,-14.190606739244737]]]}', '2026-01-20 22:18:38', '2026-01-06 16:42:36', 42067.50, 42067.50, 0.00, 'calle'),
(181, 'A', 21, 156.23, 14.76, 24.48, 1, 1, '{\"type\":\"Polygon\",\"coordinates\":[[[-75.6744390404428,-14.190605796934404],[-75.67444156635803,-14.19076277013191],[-75.67452478413992,-14.190761238877604],[-75.67452266394163,-14.19060471065999],[-75.6744390404428,-14.190605796934404]]]}', '2026-01-20 22:18:38', '2026-01-06 16:42:36', 46744.40, 46744.40, 0.00, 'calle'),
(182, 'A', 22, 156.18, 11.22, 24.36, 1, 1, '{\"type\":\"Polygon\",\"coordinates\":[[[-75.67452284062482,-14.19060478264203],[-75.67452485285001,-14.19076132067538],[-75.67460841745479,-14.190760358733582],[-75.67460584900473,-14.190603107423216],[-75.67452284062482,-14.19060478264203]]]}', '2026-01-20 22:18:38', '2026-01-06 16:42:36', 46730.40, 46730.40, 0.00, 'calle'),
(183, 'A', 24, 130.66, 8.80, 42.15, 1, 1, '{\"type\":\"Polygon\",\"coordinates\":[[[-75.6745915278508,-14.190898488996625],[-75.67459252251174,-14.190970758964855],[-75.67474602094033,-14.190968786002575],[-75.67474110653013,-14.190896476771414],[-75.6745915278508,-14.190898488996625]]]}', '2026-01-20 22:18:38', '2026-01-06 16:42:36', 35665.00, 35665.00, 0.00, 'calle'),
(184, 'A', 25, 133.94, 8.72, 46.30, 1, 1, '{\"type\":\"Polygon\",\"coordinates\":[[[-75.67459349099745,-14.19104299948589],[-75.67459247670512,-14.190970847306453],[-75.67474614527306,-14.19096889070373],[-75.67475108585856,-14.191040970901133],[-75.67459349099745,-14.19104299948589]]]}', '2026-01-20 22:18:38', '2026-01-06 16:42:36', 36485.00, 36485.00, 0.00, 'calle'),
(185, 'A', 26, 137.10, 8.63, 50.93, 1, 1, '{\"type\":\"Polygon\",\"coordinates\":[[[-75.67475111203383,-14.191041180303431],[-75.6747555225697,-14.191113411008732],[-75.67459511386532,-14.191115354523815],[-75.67459343864694,-14.191043058380297],[-75.67475111203383,-14.191041180303431]]]}', '2026-01-20 22:18:39', '2026-01-06 16:42:36', 37275.00, 37275.00, 0.00, 'calle'),
(186, 'A', 27, 140.25, 8.72, 55.20, 1, 3, '{\"type\":\"Polygon\",\"coordinates\":[[[-75.67459491755066,-14.191115485400248],[-75.67459596456214,-14.19118780771906],[-75.67476009015732,-14.191185667889325],[-75.67475556183264,-14.191113528797533],[-75.67459491755066,-14.191115485400248]]]}', '2026-01-22 16:09:47', '2026-01-06 16:42:36', 38062.50, 38062.50, 0.00, 'calle'),
(187, 'A', 28, 143.67, 8.63, 59.47, 1, 3, '{\"type\":\"Polygon\",\"coordinates\":[[[-75.67476043043618,-14.191185818397235],[-75.67476599595666,-14.1912579771205],[-75.67459690032878,-14.191260025336742],[-75.67459597110609,-14.191187866613486],[-75.67476043043618,-14.191185818397235]]]}', '2026-01-22 16:09:55', '2026-01-06 16:42:36', 38917.50, 38917.50, 0.00, 'calle'),
(188, 'A', 30, 159.47, 7.94, 72.87, 1, 1, '{\"type\":\"Polygon\",\"coordinates\":[[[-75.67470308692559,-14.191556578254225],[-75.6746199673008,-14.19155759909043],[-75.67461748064852,-14.19139761573446],[-75.67470062644861,-14.191396712687045],[-75.67470308692559,-14.191556578254225]]]}', '2026-01-20 22:18:39', '2026-01-06 16:42:36', 42867.50, 42867.50, 0.00, 'calle'),
(189, 'A', 31, 159.47, 11.30, 72.75, 1, 1, '{\"type\":\"Polygon\",\"coordinates\":[[[-75.67461983642443,-14.19155759909043],[-75.67453662518611,-14.191558646101923],[-75.67453424323497,-14.191399133901127],[-75.67461737594746,-14.191397615734465],[-75.67461983642443,-14.19155759909043]]]}', '2026-01-20 22:18:39', '2026-01-06 16:42:36', 42867.50, 42867.50, 0.00, 'calle'),
(190, 'A', 32, 159.47, 14.84, 72.63, 1, 1, '{\"type\":\"Polygon\",\"coordinates\":[[[-75.67445337468486,-14.191560164268601],[-75.67453645504672,-14.19155856757608],[-75.67453415162147,-14.191399068462923],[-75.67445080950668,-14.191400089299133],[-75.67445337468486,-14.191560164268601]]]}', '2026-01-20 22:18:39', '2026-01-06 16:42:36', 42867.50, 42867.50, 0.00, 'calle'),
(191, 'A', 33, 159.47, 18.38, 72.75, 1, 1, '{\"type\":\"Polygon\",\"coordinates\":[[[-75.67445072443698,-14.191400239807036],[-75.67445322744882,-14.19156029187314],[-75.67436959413402,-14.19156114256999],[-75.6743676571628,-14.191401185389307],[-75.67445072443698,-14.191400239807036]]]}', '2026-01-20 22:18:39', '2026-01-06 16:42:36', 42867.50, 42867.50, 0.00, 'calle'),
(192, 'A', 34, 159.47, 21.75, 72.63, 1, 1, '{\"type\":\"Polygon\",\"coordinates\":[[[-75.67436744776052,-14.19140115921402],[-75.67436945017,-14.191561273446432],[-75.67428626510697,-14.191562595298446],[-75.67428375227938,-14.191402559591909],[-75.67436744776052,-14.19140115921402]]]}', '2026-01-20 22:18:39', '2026-01-06 16:42:36', 42867.50, 42867.50, 0.00, 'calle'),
(193, 'A', 35, 159.47, 25.11, 72.87, 1, 1, '{\"type\":\"Polygon\",\"coordinates\":[[[-75.6742836704816,-14.191402687196431],[-75.67428617676543,-14.1915628177884],[-75.67420301787772,-14.191563730651549],[-75.67420058357602,-14.19140368185736],[-75.6742836704816,-14.191402687196431]]]}', '2026-01-20 22:18:40', '2026-01-06 16:42:36', 42867.50, 42867.50, 0.00, 'calle'),
(194, 'A', 36, 159.47, 28.82, 72.87, 1, 1, '{\"type\":\"Polygon\",\"coordinates\":[[[-75.67420046578724,-14.19140368185736],[-75.67420283465076,-14.191563652125687],[-75.67411975428885,-14.191564699137178],[-75.67411730035569,-14.191404683062101],[-75.67420046578724,-14.19140368185736]]]}', '2026-01-20 22:18:40', '2026-01-06 16:42:36', 42867.50, 42867.50, 0.00, 'calle'),
(195, 'A', 37, 159.47, 32.27, 73.00, 1, 1, '{\"type\":\"Polygon\",\"coordinates\":[[[-75.67411713021632,-14.191404630711528],[-75.6741196495877,-14.191564794022604],[-75.67403592138747,-14.191566138777988],[-75.67403398441621,-14.191406089983808],[-75.67411713021632,-14.191404630711528]]]}', '2026-01-20 22:18:40', '2026-01-06 16:42:36', 42867.50, 42867.50, 0.00, 'calle'),
(196, 'A', 38, 159.37, 35.47, 73.00, 1, 1, '{\"type\":\"Polygon\",\"coordinates\":[[[-75.67403390589035,-14.191406129246737],[-75.67403579051106,-14.19156621730387],[-75.67395262507948,-14.191567264315365],[-75.6739501907778,-14.191407117363855],[-75.67403390589035,-14.191406129246737]]]}', '2026-01-20 22:18:40', '2026-01-06 16:42:36', 42842.50, 42842.50, 0.00, 'calle'),
(197, 'A', 39, 159.25, 39.01, 72.63, 1, 1, '{\"type\":\"Polygon\",\"coordinates\":[[[-75.67395004681372,-14.191407195889717],[-75.67395252037836,-14.191567257771556],[-75.67386932222773,-14.191568082293106],[-75.67386686175072,-14.191407994235991],[-75.67395004681372,-14.191407195889717]]]}', '2026-01-20 22:18:40', '2026-01-06 16:42:36', 42812.50, 42812.50, 0.00, 'calle'),
(198, 'A', 40, 159.14, 42.63, 72.75, 1, 1, '{\"type\":\"Polygon\",\"coordinates\":[[[-75.67386673087428,-14.191408151287716],[-75.67386924370193,-14.191568252432477],[-75.67378603246362,-14.191569214374281],[-75.67378366360006,-14.191409584384699],[-75.67386673087428,-14.191408151287716]]]}', '2026-01-20 22:18:40', '2026-01-06 16:42:36', 42785.00, 42785.00, 0.00, 'calle'),
(199, 'A', 41, 159.02, 46.00, 72.51, 1, 1, '{\"type\":\"Polygon\",\"coordinates\":[[[-75.67378355235513,-14.191409666182468],[-75.67378595230181,-14.191569242185542],[-75.67370234189035,-14.191570105970017],[-75.67370038528765,-14.191410606856861],[-75.67378355235513,-14.191409666182468]]]}', '2026-01-20 22:18:40', '2026-01-06 16:42:36', 42755.00, 42755.00, 0.00, 'calle'),
(200, 'A', 42, 158.90, 49.53, 72.63, 1, 3, '{\"type\":\"Polygon\",\"coordinates\":[[[-75.67370020860446,-14.191410619944504],[-75.6737022306454,-14.191570289197033],[-75.67361908484528,-14.191571238051196],[-75.67361653275474,-14.191411562254848],[-75.67370020860446,-14.191410619944504]]]}', '2026-01-20 22:18:40', '2026-01-06 16:42:36', 42725.00, 42725.00, 0.00, 'calle'),
(201, 'A', 43, 158.78, 53.07, 72.63, 1, 1, '{\"type\":\"Polygon\",\"coordinates\":[[[-75.67361641823787,-14.191411719306577],[-75.67361892452169,-14.191571224963562],[-75.67353579180923,-14.191572173817724],[-75.67353317428048,-14.191413119684452],[-75.67361641823787,-14.191411719306577]]]}', '2026-01-20 22:18:41', '2026-01-06 16:42:36', 42695.00, 42695.00, 0.00, 'calle'),
(202, 'A', 44, 158.66, 56.44, 72.51, 1, 1, '{\"type\":\"Polygon\",\"coordinates\":[[[-75.67353313501755,-14.191413172035025],[-75.67353566747654,-14.19157228506269],[-75.67345244315061,-14.19157363308999],[-75.67345000884893,-14.191414120889187],[-75.67353313501755,-14.191413172035025]]]}', '2026-01-22 16:09:35', '2026-01-06 16:42:36', 42665.00, 42665.00, 0.00, 'calle'),
(203, 'A', 45, 158.54, 59.89, 72.51, 1, 1, '{\"type\":\"Polygon\",\"coordinates\":[[[-75.67344988451633,-14.19141419941505],[-75.67345233190568,-14.191573724703492],[-75.67336870186277,-14.191574725908227],[-75.67336675834768,-14.191415073015262],[-75.67344988451633,-14.19141419941505]]]}', '2026-01-20 22:18:41', '2026-01-06 16:42:36', 42635.00, 42635.00, 0.00, 'calle'),
(204, 'A', 46, 158.42, 63.34, 72.63, 1, 3, '{\"type\":\"Polygon\",\"coordinates\":[[[-75.67336661111169,-14.191415151541124],[-75.67336856444254,-14.19157472590823],[-75.67328550371211,-14.191575673126437],[-75.67328338842172,-14.191416579730236],[-75.67336661111169,-14.191415151541124]]]}', '2026-01-20 22:18:41', '2026-01-06 16:42:36', 50526.00, 50526.00, 0.00, 'calle'),
(205, 'A', 47, 158.30, 66.97, 72.63, 1, 3, '{\"type\":\"Polygon\",\"coordinates\":[[[-75.67328331480373,-14.191416665617899],[-75.67328544849867,-14.19157572833993],[-75.67320214973667,-14.191576666969373],[-75.67319960255402,-14.191417578481037],[-75.67328331480373,-14.191416665617899]]]}', '2026-01-20 22:18:41', '2026-01-06 16:42:36', 50490.00, 50490.00, 0.00, 'calle'),
(206, 'A', 48, 158.18, 70.25, 72.51, 1, 1, '{\"type\":\"Polygon\",\"coordinates\":[[[-75.67319947004164,-14.191417652099032],[-75.67320203930967,-14.191576773715463],[-75.67311882152752,-14.191577716025803],[-75.67311625962128,-14.191418701155458],[-75.67319947004164,-14.191417652099032]]]}', '2026-01-20 22:18:41', '2026-01-06 16:42:36', 50454.00, 50454.00, 0.00, 'calle'),
(207, 'A', 49, 158.06, 73.52, 72.51, 1, 3, '{\"type\":\"Polygon\",\"coordinates\":[[[-75.67311618600328,-14.191419106054433],[-75.67311867797244,-14.191577679216802],[-75.67303551356335,-14.191578700666492],[-75.67303309889307,-14.191420009715335],[-75.67311618600328,-14.191419106054433]]]}', '2026-01-20 22:18:41', '2026-01-06 16:42:36', 50418.00, 50418.00, 0.00, 'calle'),
(208, 'A', 50, 157.94, 77.06, 72.75, 1, 1, '{\"type\":\"Polygon\",\"coordinates\":[[[-75.67303293693348,-14.191420098056929],[-75.67303545466895,-14.191578704347393],[-75.67295173260354,-14.191579650338635],[-75.67294980381205,-14.19142110662346],[-75.67303293693348,-14.191420098056929]]]}', '2026-01-20 22:18:41', '2026-01-06 16:42:36', 50382.00, 50382.00, 0.00, 'calle'),
(209, 'A', 51, 157.82, 80.26, 72.63, 1, 1, '{\"type\":\"Polygon\",\"coordinates\":[[[-75.6729497320345,-14.191421123187508],[-75.67295165530462,-14.191579720275724],[-75.67286843752248,-14.191580680990565],[-75.67286597868143,-14.191422026848398],[-75.6729497320345,-14.191421123187508]]]}', '2026-01-20 22:18:42', '2026-01-06 16:42:36', 50346.00, 50346.00, 0.00, 'calle'),
(210, 'A', 52, 157.70, 83.88, 72.63, 1, 3, '{\"type\":\"Polygon\",\"coordinates\":[[[-75.67286583880724,-14.19142214463719],[-75.67286837126626,-14.19158115950754],[-75.67278532280551,-14.191582028199889],[-75.67278274617561,-14.191423550740916],[-75.67286583880724,-14.19142214463719]]]}', '2026-01-20 22:18:42', '2026-01-06 16:42:36', 50310.00, 50310.00, 0.00, 'calle'),
(211, 'C', 1, 200.00, 41.51, 43.18, 1, 1, '{\"type\":\"Polygon\",\"coordinates\":[[[-75.67388976746642,-14.191088656009065],[-75.67379694796048,-14.191090145092046],[-75.67379454888236,-14.190909800597447],[-75.6738871202078,-14.190908311514463],[-75.67388976746642,-14.191088656009065]]]}', '2026-01-22 16:36:21', '2026-01-06 16:42:36', 75000.00, 75000.00, 75000.00, 'esquina'),
(212, 'C', 2, 200.00, 37.63, 43.37, 1, 1, '{\"type\":\"Polygon\",\"coordinates\":[[[-75.67398010516739,-14.190907318792473],[-75.67388712020778,-14.19090831151446],[-75.67388976746642,-14.19108865600906],[-75.67398258697236,-14.191087497833406],[-75.67398010516739,-14.190907318792473]]]}', '2026-01-20 22:18:42', '2026-01-06 16:42:36', 65000.00, 65000.00, 0.00, 'calle'),
(213, 'C', 3, 200.00, 33.83, 43.13, 1, 2, '{\"type\":\"Polygon\",\"coordinates\":[[[-75.67407259376598,-14.19090582970949],[-75.67398010516737,-14.190907484246138],[-75.67398275242601,-14.19108782874074],[-75.67407507557097,-14.191086339657756],[-75.67407259376598,-14.19090582970949]]]}', '2026-01-22 16:36:06', '2026-01-06 16:42:36', 75000.00, 75000.00, 75000.00, 'calle'),
(214, 'C', 6, 200.00, 33.74, 53.98, 1, 2, '{\"type\":\"Polygon\",\"coordinates\":[[[-75.6740776814662,-14.191267325285319],[-75.67398560650176,-14.191268979821961],[-75.67398312469679,-14.191087994194406],[-75.67407522034291,-14.191086515452277],[-75.6740776814662,-14.191267325285319]]]}', '2026-01-22 16:36:14', '2026-01-06 16:42:36', 75000.00, 75000.00, 75000.00, 'calle'),
(215, 'C', 7, 200.00, 37.54, 54.10, 1, 1, '{\"type\":\"Polygon\",\"coordinates\":[[[-75.67398295924309,-14.19108804589868],[-75.67398553411574,-14.191268938458546],[-75.6738928076775,-14.191269993225655],[-75.67389036723593,-14.19108899725725],[-75.67398295924309,-14.19108804589868]]]}', '2026-01-22 16:08:38', '2026-01-06 16:42:36', 65000.00, 65000.00, 0.00, 'calle'),
(216, 'C', 8, 200.00, 41.42, 53.98, 1, 1, '{\"type\":\"Polygon\",\"coordinates\":[[[-75.67389263188298,-14.19126987947626],[-75.6737999364673,-14.191271471967791],[-75.6737975994343,-14.191090465658537],[-75.67389018110059,-14.191089038620685],[-75.67389263188298,-14.19126987947626]]]}', '2026-01-22 16:36:27', '2026-01-06 16:42:36', 75000.00, 75000.00, 75000.00, 'esquina'),
(217, 'B', 3, 200.00, 58.85, 43.37, 1, 3, '{\"type\":\"Polygon\",\"coordinates\":[[[-75.67337775041915,-14.190915374317811],[-75.6733803976778,-14.191096546080734],[-75.67347296900323,-14.191094808817258],[-75.67347040964185,-14.190913926598238],[-75.67337775041915,-14.190915374317811]]]}', '2026-01-22 16:36:45', '2026-01-06 16:42:36', 75000.00, 75000.00, 75000.00, 'calle'),
(218, 'B', 4, 200.00, 54.88, 43.25, 1, 1, '{\"type\":\"Polygon\",\"coordinates\":[[[-75.67347042515317,-14.190913911086968],[-75.67356316968815,-14.190913026943942],[-75.67356564890791,-14.191093829022272],[-75.67347305690026,-14.191094883789386],[-75.67347042515317,-14.190913911086968]]]}', '2026-01-20 22:18:43', '2026-01-06 16:42:36', 65000.00, 65000.00, 0.00, 'calle'),
(219, 'B', 5, 200.00, 51.00, 43.30, 1, 1, '{\"type\":\"Polygon\",\"coordinates\":[[[-75.67356331187487,-14.190912998506587],[-75.67365591680857,-14.190911566298295],[-75.67365838827267,-14.191092466614743],[-75.67356580660592,-14.191093800584923],[-75.67356331187487,-14.190912998506587]]]}', '2026-01-22 16:36:33', '2026-01-06 16:42:36', 75000.00, 75000.00, 75000.00, 'esquina'),
(220, 'B', 6, 200.00, 50.83, 53.91, 1, 1, '{\"type\":\"Polygon\",\"coordinates\":[[[-75.67365841929528,-14.191092497637303],[-75.67356609614987,-14.191094028083715],[-75.67356872272678,-14.191274558714627],[-75.67366098382708,-14.191273421220675],[-75.67365841929528,-14.191092497637303]]]}', '2026-01-22 16:36:39', '2026-01-06 16:42:36', 75000.00, 75000.00, 75000.00, 'esquina'),
(221, 'B', 7, 200.00, 54.88, 54.27, 1, 1, '{\"type\":\"Polygon\",\"coordinates\":[[[-75.67356866068165,-14.19127478621342],[-75.67347599628803,-14.191275840980541],[-75.67347349380137,-14.19109498978316],[-75.67356600308216,-14.191093997061163],[-75.67356866068165,-14.19127478621342]]]}', '2026-01-20 22:18:43', '2026-01-06 16:42:36', 65000.00, 65000.00, 0.00, 'calle'),
(222, 'B', 8, 200.00, 58.51, 54.15, 1, 3, '{\"type\":\"Polygon\",\"coordinates\":[[[-75.67338323882677,-14.19127741279037],[-75.67338063293153,-14.191096623638103],[-75.67347331800686,-14.191095072509993],[-75.6734758825387,-14.191275954729942],[-75.67338323882677,-14.19127741279037]]]}', '2026-01-22 16:36:52', '2026-01-06 16:42:36', 75000.00, 75000.00, 75000.00, 'calle'),
(223, 'A', 23, 393.21, 7.33, 28.00, 1, 4, '{\"type\":\"Polygon\",\"coordinates\":[[[-75.674605871908085, -14.190603104151315], [-75.674610537653095, -14.19089802438525], [-75.674740583024246, -14.190896434236556], [-75.674732089143575, -14.190796169798562], [-75.674690627488459, -14.190602237094973], [-75.674605871908085, -14.190603104151315]]]}', '2026-01-16 17:37:10', '2026-01-06 16:42:36', NULL, NULL, NULL, 'calle'),
(224, 'A', 29, 283.90, 4.69, 68.50, 1, 4, '{\"type\":\"Polygon\",\"coordinates\":[[[-75.674765999228555, -14.19125825850486], [-75.674795524952614, -14.191555190963992], [-75.67470312618849, -14.191556656780083], [-75.674698728740239, -14.191258847448838], [-75.674765999228555, -14.19125825850486]]]}', '2026-01-16 17:37:10', '2026-01-06 16:42:36', NULL, NULL, NULL, 'calle'),
(225, 'C', 4, 640.00, 29.05, 47.62, 1, 4, '{\"type\":\"Polygon\",\"coordinates\":[[[-75.674226410523104, -14.191265477719684], [-75.674077826238147, -14.191267470057571], [-75.674072862628194, -14.190906005504001], [-75.674220798886182, -14.190903802902094], [-75.674226410523104, -14.191265477719684]]]}', '2026-01-16 17:37:10', '2026-01-06 16:42:36', NULL, NULL, NULL, 'calle'),
(226, 'C', 5, 1000.00, 20.68, 47.39, 1, 4, '{\"type\":\"Polygon\",\"coordinates\":[[[-75.674452792499949, -14.190900417996083], [-75.674457783685497, -14.191261934253692], [-75.674226424310888, -14.191265491507489], [-75.674220798886282, -14.19090380979622], [-75.674452792499949, -14.190900417996083]]]}', '2026-01-16 17:37:10', '2026-01-06 16:42:36', NULL, NULL, NULL, 'calle'),
(227, 'B', 1, 1400.00, 77.31, 46.65, 1, 4, '{\"type\":\"Polygon\",\"coordinates\":[[[-75.672775343966535, -14.190923336775427], [-75.673099964056817, -14.190919283160641], [-75.673104844939928, -14.191280882144998], [-75.672780710869802, -14.191285452802486], [-75.672775343966535, -14.190923336775427]]]}', '2026-01-16 17:37:10', '2026-01-06 16:42:36', NULL, NULL, NULL, 'calle'),
(228, 'B', 2, 1200.00, 65.46, 46.81, 1, 4, '{\"type\":\"Polygon\",\"coordinates\":[[[-75.673100088147081, -14.190919572704557], [-75.673377719396569, -14.190915519089771], [-75.673383169026664, -14.191277469663168], [-75.673105020734482, -14.191280944190122], [-75.673100088147081, -14.190919572704557]]]}', '2026-01-16 17:37:11', '2026-01-06 16:42:36', NULL, NULL, NULL, 'calle'),
(343, 'A', 1, 156.03, 58.20, 23.22, 2, 1, NULL, '2026-01-06 20:39:46', '2026-01-06 19:18:33', NULL, NULL, NULL, 'calle');

-- --------------------------------------------------------

--
-- Estructura de tabla para la tabla `proyecto`
--

CREATE TABLE `proyecto` (
  `id_proyecto` int(11) NOT NULL,
  `nombre` varchar(100) DEFAULT NULL,
  `estado` enum('ACTIVO','NO ACTIVO') DEFAULT 'ACTIVO',
  `imagen_mapa` varchar(255) DEFAULT NULL,
  `imagen_plano` varchar(255) DEFAULT NULL
) ENGINE=InnoDB DEFAULT CHARSET=utf8mb4 COLLATE=utf8mb4_unicode_ci;

--
-- Volcado de datos para la tabla `proyecto`
--

INSERT INTO `proyecto` (`id_proyecto`, `nombre`, `estado`, `imagen_mapa`, `imagen_plano`) VALUES
(1, 'Altamira', 'ACTIVO', 'img/Portada_altamira.webp', 'img/Altamira_mapa.webp'),
(2, 'ALTARIA', 'NO ACTIVO', 'img/Portada_altamira.webp', NULL);

-- --------------------------------------------------------

--
-- Estructura de tabla para la tabla `rol`
--

CREATE TABLE `rol` (
  `id_rol` int(11) NOT NULL,
  `nombre` varchar(50) DEFAULT NULL,
  `descripcion` varchar(255) NOT NULL
) ENGINE=InnoDB DEFAULT CHARSET=utf8mb4 COLLATE=utf8mb4_unicode_ci;

--
-- Volcado de datos para la tabla `rol`
--

INSERT INTO `rol` (`id_rol`, `nombre`, `descripcion`) VALUES
(1, 'Administrador', 'System Administrator'),
(2, 'Asesor', 'Sales Advisor');

-- --------------------------------------------------------

--
-- Estructura de tabla para la tabla `usuario`
--

CREATE TABLE `usuario` (
  `id_usuario` int(11) NOT NULL,
  `id_rol` int(11) NOT NULL,
  `nombre` varchar(100) DEFAULT NULL,
  `email` varchar(100) DEFAULT NULL,
  `password` varchar(255) DEFAULT NULL,
  `activo` tinyint(1) DEFAULT 1,
  `telefono` varchar(20) DEFAULT NULL
) ENGINE=InnoDB DEFAULT CHARSET=utf8mb4 COLLATE=utf8mb4_unicode_ci;

--
-- Volcado de datos para la tabla `usuario`
--

INSERT INTO `usuario` (`id_usuario`, `id_rol`, `nombre`, `email`, `password`, `activo`, `telefono`) VALUES
(1, 1, 'Admin Famia', 'admin@famia.com', '$2b$10$3myBs68EycSY.L5qqupQOu/2YDcxuNpT3l/kz1JqctJ.2VxZ2xCB2', 1, NULL),
(3, 2, 'frank', 'frank@famia.com', '$2b$10$0ox25LS6oNi23Vg.3kpOd.ov97b0OyEqLyJMf2Pmtd/SZyL87OTae', 1, '982804646'),
(6, 2, 'Zully vera', 'zully@famia.com', '$2b$10$pTNtavf0NCrOXD8bKGWkEOP0SwTrrCrcv0F1.VSDzAUSTRnKaD5me', 1, '989403604'),
(7, 2, ' Michell peralta', 'michell@famia.com', '$2b$10$bthz8AvtzQmxt3szyd9Tp.dMuk21yaQ1tQbNhDVTc2SjNIv0NqR/i', 1, '980488131'),
(8, 2, 'Rocio', 'rocio@famia.com', '$2b$10$PJtT2019znG06SuAKVrCiOYqhB6vRMa1E1ckBvf7caGpBlTP8DmkS', 1, '946630960');

-- --------------------------------------------------------

--
-- Estructura de tabla para la tabla `venta`
--

CREATE TABLE `venta` (
  `id_venta` int(11) NOT NULL,
  `precio_final` decimal(15,2) DEFAULT NULL,
  `inicial` decimal(15,2) DEFAULT NULL,
  `mensualidad` decimal(15,2) DEFAULT NULL,
  `plazo_meses` int(11) DEFAULT NULL,
  `fecha_venta` datetime DEFAULT NULL,
  `id_cliente` int(11) NOT NULL,
  `id_lote` int(11) NOT NULL,
  `id_usuario` int(11) NOT NULL,
  `id_cotizaciones` int(11) NOT NULL,
  `fecha_registro` datetime DEFAULT NULL
) ENGINE=InnoDB DEFAULT CHARSET=utf8mb4 COLLATE=utf8mb4_unicode_ci;

--
-- Índices para tablas volcadas
--

--
-- Indices de la tabla `cliente`
--
ALTER TABLE `cliente`
  ADD PRIMARY KEY (`id_cliente`),
  ADD KEY `id_usuario` (`id_usuario`);

--
-- Indices de la tabla `cotizacion`
--
ALTER TABLE `cotizacion`
  ADD PRIMARY KEY (`id_cotizaciones`),
  ADD KEY `id_cliente` (`id_cliente`),
  ADD KEY `id_usuario` (`id_usuario`),
  ADD KEY `id_lote` (`id_lote`);

--
-- Indices de la tabla `estado_lote`
--
ALTER TABLE `estado_lote`
  ADD PRIMARY KEY (`id_estado_lote`);

--
-- Indices de la tabla `lote`
--
ALTER TABLE `lote`
  ADD PRIMARY KEY (`id_lote`),
  ADD KEY `id_proyecto` (`id_proyecto`),
  ADD KEY `id_estado_lote` (`id_estado_lote`);

--
-- Indices de la tabla `proyecto`
--
ALTER TABLE `proyecto`
  ADD PRIMARY KEY (`id_proyecto`);

--
-- Indices de la tabla `rol`
--
ALTER TABLE `rol`
  ADD PRIMARY KEY (`id_rol`);

--
-- Indices de la tabla `usuario`
--
ALTER TABLE `usuario`
  ADD PRIMARY KEY (`id_usuario`),
  ADD KEY `id_rol` (`id_rol`);

--
-- Indices de la tabla `venta`
--
ALTER TABLE `venta`
  ADD PRIMARY KEY (`id_venta`),
  ADD KEY `id_cliente` (`id_cliente`),
  ADD KEY `id_lote` (`id_lote`),
  ADD KEY `id_usuario` (`id_usuario`),
  ADD KEY `id_cotizaciones` (`id_cotizaciones`);

--
-- AUTO_INCREMENT de las tablas volcadas
--

--
-- AUTO_INCREMENT de la tabla `cliente`
--
ALTER TABLE `cliente`
  MODIFY `id_cliente` int(11) NOT NULL AUTO_INCREMENT, AUTO_INCREMENT=92;

--
-- AUTO_INCREMENT de la tabla `cotizacion`
--
ALTER TABLE `cotizacion`
  MODIFY `id_cotizaciones` int(11) NOT NULL AUTO_INCREMENT, AUTO_INCREMENT=112;

--
-- AUTO_INCREMENT de la tabla `estado_lote`
--
ALTER TABLE `estado_lote`
  MODIFY `id_estado_lote` int(11) NOT NULL AUTO_INCREMENT, AUTO_INCREMENT=5;

--
-- AUTO_INCREMENT de la tabla `lote`
--
ALTER TABLE `lote`
  MODIFY `id_lote` int(11) NOT NULL AUTO_INCREMENT, AUTO_INCREMENT=345;

--
-- AUTO_INCREMENT de la tabla `proyecto`
--
ALTER TABLE `proyecto`
  MODIFY `id_proyecto` int(11) NOT NULL AUTO_INCREMENT, AUTO_INCREMENT=5;

--
-- AUTO_INCREMENT de la tabla `rol`
--
ALTER TABLE `rol`
  MODIFY `id_rol` int(11) NOT NULL AUTO_INCREMENT, AUTO_INCREMENT=3;

--
-- AUTO_INCREMENT de la tabla `usuario`
--
ALTER TABLE `usuario`
  MODIFY `id_usuario` int(11) NOT NULL AUTO_INCREMENT, AUTO_INCREMENT=9;

--
-- AUTO_INCREMENT de la tabla `venta`
--
ALTER TABLE `venta`
  MODIFY `id_venta` int(11) NOT NULL AUTO_INCREMENT, AUTO_INCREMENT=8;

--
-- Restricciones para tablas volcadas
--

--
-- Filtros para la tabla `cliente`
--
ALTER TABLE `cliente`
  ADD CONSTRAINT `cliente_ibfk_1` FOREIGN KEY (`id_usuario`) REFERENCES `usuario` (`id_usuario`) ON DELETE SET NULL ON UPDATE CASCADE;

--
-- Filtros para la tabla `cotizacion`
--
ALTER TABLE `cotizacion`
  ADD CONSTRAINT `cotizacion_ibfk_223` FOREIGN KEY (`id_cliente`) REFERENCES `cliente` (`id_cliente`) ON DELETE CASCADE ON UPDATE CASCADE,
  ADD CONSTRAINT `cotizacion_ibfk_224` FOREIGN KEY (`id_usuario`) REFERENCES `usuario` (`id_usuario`) ON DELETE CASCADE ON UPDATE CASCADE,
  ADD CONSTRAINT `cotizacion_ibfk_225` FOREIGN KEY (`id_lote`) REFERENCES `lote` (`id_lote`) ON DELETE CASCADE ON UPDATE CASCADE;

--
-- Filtros para la tabla `lote`
--
ALTER TABLE `lote`
  ADD CONSTRAINT `lote_ibfk_149` FOREIGN KEY (`id_proyecto`) REFERENCES `proyecto` (`id_proyecto`) ON DELETE CASCADE ON UPDATE CASCADE,
  ADD CONSTRAINT `lote_ibfk_150` FOREIGN KEY (`id_estado_lote`) REFERENCES `estado_lote` (`id_estado_lote`) ON DELETE CASCADE ON UPDATE CASCADE;

--
-- Filtros para la tabla `usuario`
--
ALTER TABLE `usuario`
  ADD CONSTRAINT `usuario_ibfk_1` FOREIGN KEY (`id_rol`) REFERENCES `rol` (`id_rol`) ON DELETE CASCADE ON UPDATE CASCADE;

--
-- Filtros para la tabla `venta`
--
ALTER TABLE `venta`
  ADD CONSTRAINT `venta_ibfk_297` FOREIGN KEY (`id_cliente`) REFERENCES `cliente` (`id_cliente`) ON DELETE CASCADE ON UPDATE CASCADE,
  ADD CONSTRAINT `venta_ibfk_298` FOREIGN KEY (`id_lote`) REFERENCES `lote` (`id_lote`) ON DELETE CASCADE ON UPDATE CASCADE,
  ADD CONSTRAINT `venta_ibfk_299` FOREIGN KEY (`id_usuario`) REFERENCES `usuario` (`id_usuario`) ON DELETE CASCADE ON UPDATE CASCADE,
  ADD CONSTRAINT `venta_ibfk_300` FOREIGN KEY (`id_cotizaciones`) REFERENCES `cotizacion` (`id_cotizaciones`) ON DELETE CASCADE ON UPDATE CASCADE;
COMMIT;

/*!40101 SET CHARACTER_SET_CLIENT=@OLD_CHARACTER_SET_CLIENT */;
/*!40101 SET CHARACTER_SET_RESULTS=@OLD_CHARACTER_SET_RESULTS */;
/*!40101 SET COLLATION_CONNECTION=@OLD_COLLATION_CONNECTION */;
